Actual / Predicted,auntie,cousin,daughter,father,grandfather,grandmother,mother,parents,son,uncle
auntie,100.0,0.0,0.0,0.0,0.0,0.0,0.0,0.0,0.0,0.0
cousin,100.0,0.0,0.0,0.0,0.0,0.0,0.0,0.0,0.0,0.0
daughter,0.0,0.0,33.3333,0.0,0.0,0.0,0.0,0.0,66.6667,0.0
father,33.3333,66.6667,0.0,0.0,0.0,0.0,0.0,0.0,0.0,0.0
grandfather,66.6667,33.3333,0.0,0.0,0.0,0.0,0.0,0.0,0.0,0.0
grandmother,100.0,0.0,0.0,0.0,0.0,0.0,0.0,0.0,0.0,0.0
mother,100.0,0.0,0.0,0.0,0.0,0.0,0.0,0.0,0.0,0.0
parents,100.0,0.0,0.0,0.0,0.0,0.0,0.0,0.0,0.0,0.0
son,0.0,0.0,0.0,0.0,0.0,0.0,0.0,0.0,100.0,0.0
uncle,100.0,0.0,0.0,0.0,0.0,0.0,0.0,0.0,0.0,0.0
